estado,excel_row,potrero,bloque,supabase_id,hectareas_actual,hectareas_excel,hectareas_cambia,precipitacion,caudal,nota
MATCH,2,1,1,2fd8cafe-a3aa-4899-87de-97d9d55e18d5,3.0,3,False,2.2,62.60333842388165,
MATCH,3,1,2,c7f4348d-9623-47b0-baba-253d569342a2,3.0,3,False,2.2,74.55380101675807,
MATCH,4,1,3,e526ebd5-0c6b-4494-b3c2-f195ffda1089,3.63,3.63,False,2.2,75.18400386824956,
MATCH,5,1,4,dd5cbce5-6b95-4968-b608-7c091308abd5,3.6,3.6,False,2.2,72.91295824171874,
MATCH,6,25,1,dc299a5a-1fcc-483f-9809-6cdf82c3f603,1.56,1.56,False,2,53.43815892372469,
MATCH,7,25,2,2b35b4f2-df3f-418b-bf81-e9e2c3a60cb1,1.31,1.31,False,2,52.277463278452174,
MATCH,8,25,3,262bfea8-6344-4b17-b600-addc2880e420,1.37,1.37,False,2,54.95392654847526,
MATCH,9,25,4,a72e4fd4-4a48-4bde-8ef6-f3536823083d,1.34,1.34,False,2,53.47178033819595,
MATCH,10,25,5,6441f211-fc92-4aa3-8701-a2d7d6454f1e,1.56,1.56,False,2,56.94560487719064,
MATCH,11,25,6,3b3ca92f-a495-498f-a452-30043078e0ac,1.49,1.49,False,2,47.713727948365026,
MATCH,12,25,7,e718a9ba-1bed-45f8-b3b2-2defba7a8bfd,1.61,1.61,False,2,60.71484854975793,
MATCH,13,25,8,2ddd0a08-5db4-4294-81bc-f19671018293,1.6,1.6,False,2,44.6740665046784,
MATCH,14,29,1,2a66f485-7e66-43d4-b71e-a58010d52f60,1.76,1.76,False,1.98,47.76491228070177,
MATCH,15,29,2,3f3ab43b-74a3-4ddb-a3b4-63f7f3887236,1.85,1.85,False,1.98,42.74413793103449,
MATCH,16,29,3,17d752f7-fa58-4cf2-95a9-624929561652,0.34,0.34,False,1.98,13.860566037735847,
MATCH,17,29,4,4d94cd51-1415-4496-814b-64f25fec1720,1.98,1.98,False,1.98,53.92425925925926,
MATCH,18,29,5,cab3b73f-6340-40ce-874c-f8e6a21f8164,2.21,2.21,False,1.98,58.456896551724135,
MATCH,19,29,6,831fa695-ff82-412d-90f8-f213d5e490c5,0.75,0.75,False,1.98,30.315517241379325,
MATCH,20,29,7,7c8ec40e-c9ee-4412-9076-51dd438ccf26,1.2,1.2,False,1.98,21.572807017543866,
MATCH,21,10,1,5cec3c4a-518f-4c7e-bf91-2c01ad480168,1.7,1.7,False,2.67,51.578913864917986,
MATCH,22,10,2,4cb5f954-f84e-4921-8cde-23c4efa582a1,1.78,1.78,False,2.67,52.813626797865105,
MATCH,23,10,3,6cad8324-64dd-4b95-9db3-1a5884edd3c7,0.94,0.94,False,3.33,35.16140644233787,
MATCH,24,10,4,67bbb3dd-0c01-4dde-af3f-e043ee3222b9,0.96,0.96,False,3.33,38.24027049525512,
MATCH,25,10,5,7b49994f-1c60-4cda-a5dc-30c9830cf64e,2.1,2.1,False,2.67,55.48897491932272,
MATCH,26,10,6,f5238e40-2133-495e-ada1-2d6f4cf70125,2.13,2.13,False,2.67,57.09961190808355,
MATCH,27,2,5,88e7cfb1-c918-44b6-aafb-664a95a4337d,2.22,2.22,False,2.75,68.52276223848193,
MATCH,28,2,6,c1fce3ef-a196-44d0-942a-beb199184411,2.13,2.13,False,2.75,65.148004873012,
MATCH,29,2,7,e0370f29-0f65-4bb3-aea0-28e97c9776af,2.24,2.24,False,2.75,71.3640844413673,
MATCH,30,2,8,fce108fc-2f39-457a-a98b-859f8d7df697,2.22,2.22,False,2.75,69.05029567592614,
MATCH,31,20,3,7e2d6809-f5e3-463a-9383-72214bff9c20,1.98,1.98,False,3.5,47.19346819610305,
MATCH,32,20,4,79d29558-ab6e-4f85-8f51-8b0edc42b4c1,2.03,2.03,False,3.5,48.934089012349254,
MATCH,33,20,5,575b06f8-f4e6-45e4-b70e-32771b2a05a3,2.0,2,False,3.5,47.47970052343799,
MATCH,34,20,6,d884f06a-5e5c-4ad6-a645-26779612e770,2.0,2,False,3.5,50.5437828506314,
MATCH,35,20A,7,1eea43bb-c1ca-4e28-a522-c5bac69ebd01,1.4,1.4,False,3.1,40.02448322619975,
MATCH,36,20A,8,e2213472-1553-4b1f-b367-0853fe4721af,1.53,1.53,False,3.1,41.55636889050383,
MATCH,37,20B,10,a3433a2c-2fa1-4295-81fb-4bbddc554553,1.83,1.83,False,1.4,46.20830509614533,
MATCH,38,20B,9,2e2d6dcf-e8da-403f-88c6-d764f591484b,1.99,1.99,False,1.4,46.20830509614533,
MATCH,39,21,1,211da4f3-ee2d-42db-9ad8-63fc12d0ab0d,2.3,2.3,False,2.76,44.48875787017772,
MATCH,40,21,2,ce685441-cc02-4b2e-8abb-4e4fa0f67c8d,2.29,2.29,False,2.76,45.530091870942854,
MATCH,41,22,1,cd2127fc-794e-4091-855c-3afc4cc3df1a,1.84,1.84,False,3.6,69.38510141445786,
MATCH,42,22,2,ac3f43be-8d0d-4b8c-9d95-6711eeeaea43,1.95,1.95,False,3.6,74.4361842242492,
MATCH,43,22,3,d320bb62-cb27-4de4-b674-955e137bc9ca,1.66,1.66,False,3.6,57.200340357840076,
MATCH,44,22,4,f1c7f0b5-c17f-4af7-b206-817a33fd164c,1.86,1.86,False,3.6,60.47321836148002,
MATCH,45,22,5,fabb841c-1bb0-4044-b6e0-f66f56c1ed68,1.28,1.28,False,3.6,51.731388120288706,
MATCH,46,24,11,a36af9c3-1b79-4cae-aaf8-695e2ac3d5de,2.59,2.59,False,2.8,42.90371540158063,
MATCH,47,24,12,bfd12d4c-b1fe-46f1-aab2-7fa466f20b43,2.59,2.59,False,2.8,48.5806253161574,
MATCH,48,27 GRAV,1,3f9263c3-8e52-4c18-9307-e7c83beefe08,1.68,1.68,False,2.2,42.329799920273636,
MATCH,49,27 GRAV,2,503cbc36-1390-423e-aa0f-73d3a17f6763,1.57,1.57,False,2.2,34.58241267514802,
MATCH,50,27 GRAV,3,576a6928-430b-49ba-a482-8141b6e986d2,1.66,1.66,False,2.7,41.60060099342743,
MATCH,51,27 GRAV,4,23c47b52-b4bd-4ea7-bcd8-538edc8d012d,1.64,1.64,False,2.7,44.226068881812566,
MATCH,52,27 GRAV,5,680b3f93-506a-4ba5-94ea-4edfb9300630,1.64,1.64,False,2.7,42.77598466046864,
MATCH,53,27 IMP,1,23cbf0c5-1603-451b-bb3d-fea94fadb551,0.68,0.68,False,2.2,35.32240990906899,
MATCH,54,27 IMP,2,afccb8c4-b3db-4a01-a8bd-acac23ce56ba,0.66,0.66,False,2.2,33.473516889604845,
MATCH,55,27 IMP,3,7cca6c90-fa0e-4dc5-97d3-8bed092b9f33,0.66,0.66,False,2.7,27.075514317851486,
MATCH,56,27 IMP,4,3a3ef1f7-a126-4cce-a304-7315a303639e,1.18,1.18,False,2.7,31.235794320772975,
MATCH,57,27 IMP,5,6f53cd9d-4882-4b71-b45b-6141ddf874cb,1.18,1.18,False,2.7,21.570842392481957,
MATCH,58,27 IMP,6,76d10cbc-0e36-45f2-869c-0291bfa76f68,1.2,1.2,False,3.2,24.2042590131275,
MATCH,59,27 IMP,7,6b40d18c-17fe-46b7-8976-bac59a3ce7c5,1.19,1.19,False,3.2,23.31088747763988,
MATCH,60,28,1,4db377bb-a701-4c99-a087-fc2fc50076a1,0.777,0.777,False,3.5,17.2,
MATCH,61,28,2,e6593bc4-62e2-421c-a751-0b01ab71dd45,0.75,0.75,False,3.5,25.27,
MATCH,62,28,3,c553db82-1bb2-445b-9a42-fe887f008fb4,0.63,0.63,False,3.5,20.08,
MATCH,63,28,4,2d898fb6-ca10-4047-8c9f-fa8c317aa4b4,0.63,0.63,False,3.5,20.08,
MATCH,64,28,5,015d7447-a5b7-4922-9eda-47efb1fc46a9,0.49,0.49,False,3.5,16.27,
MATCH,65,28,6,ee9ddb96-f97a-4c3a-8cbf-0e5726f1f19c,0.51,0.51,False,3.5,16.88,
MATCH,66,30,1,84130a0d-fa57-4384-8e89-e40f5e4fe1aa,1.65,1.65,False,3.5,57.8,
MATCH,67,30,2,97ccdd72-b649-488f-b53f-77396338f39e,1.48,1.48,False,3.5,51.8,
MATCH,68,30,3,0ea53b1a-6d8c-4675-8308-eab295217cd5,1.87,1.87,False,3.1,58.2,
MATCH,69,30,4,70437f54-9156-4ad6-882c-531674da4cfd,1.14,1.14,False,3.1,58.4,
MATCH,70,30,5,d9b28577-ed25-4236-948b-0a696933a152,1.86,1.86,False,3.1,57.9,
MATCH,71,30,6,296e8d6a-5ffc-40c9-8abe-14af0996abd2,1.86,1.86,False,3.1,57.9,
MATCH,72,30,7,e99471f9-3af1-4ea1-9967-bef49df4679b,1.54,1.54,False,3.1,47.9,
MATCH,73,7,1,962f22aa-86a2-4c51-95ea-19fc94a2cdfd,1.266,1.266,False,3.6,51.972857142857094,
MATCH,74,7,10,459721e4-4202-4a70-a74d-e37d7920303d,1.137,1.137,False,3.6,49.49430769230767,
MATCH,75,7,2,5d619e60-d997-4769-beab-7abb64b08ba8,1.304,1.304,False,3.6,54.34259259259262,
MATCH,76,7,3,4bcfdef4-6116-405c-a745-06f1ff2efcbe,1.387,1.387,False,3.6,62.418823529411725,
MATCH,77,7,4,2770b169-8ae1-4def-b9ee-ac477c11eb10,1.23,1.23,False,3.6,44.12427419354837,
MATCH,78,7,5,77caba84-cc6a-4fa4-8dd1-c8218742ef4c,1.249,1.249,False,3.6,57.83457627118649,
MATCH,79,7,6,ca926cb6-4347-4fc0-b41e-fd88160d2810,1.189,1.189,False,3.6,38.03313559322032,
MATCH,80,7,7,aa856087-5235-46ab-9ba7-455a3efcda36,1.188,1.188,False,3.6,41.61380952380952,
MATCH,81,7,8,5a05c01d-15f5-4c77-a999-8a6b2560679e,1.237,1.237,False,3.6,48.073505154639165,
MATCH,82,7,9,48fbe59b-63f4-431e-90fc-26c667ab2280,1.153,1.153,False,3.6,54.59114583333332,
MATCH,83,19,4,34ee8de2-1dae-4513-8c94-0c301e64c152,3.0,3,False,1.6,48,
MATCH,84,23,6,50abc32a-4973-4ca5-a41d-830ffbe59563,2.5,2.5,False,3.1,35,
MATCH,85,23,7,057d3542-ade7-40be-9925-e0157d3dc113,1.0,1,False,3.2,42.99857401319564,
MATCH,86,23,8,92e658c6-d197-4bf5-ac0d-c8c30cb4df3f,3.47,3.47,False,3.2,98.83232136477808,
MATCH,87,23,9,4ebf52eb-a6e2-4be7-8766-b8dc2cd8aa1c,3.6,3.6,False,3.2,103.17407232172229,
MATCH,88,5,1A,45108ae7-088c-4650-add3-4901f14a3f46,2.75,2.75,False,1.56,85.56,
MATCH,89,5,1B,33c16175-3a60-49b5-93e0-57f70226df93,2.75,2.75,False,1.56,85.56,
MATCH,90,5,2,73ed20f6-ac07-4eb5-bc5e-4e7c285eb9b8,5.5,5.5,False,1.56,85.56,
MATCH,91,6,3,a541d7d1-5c36-48f4-a4b9-5e0fe811fdde,3.62,3.62,False,2.49,90.1,
MATCH,92,D,D1,02d94137-a1e6-4392-80e3-79497ea6c7d9,2.0,2,False,3.5,72.04,
MATCH,93,D,D2,84417d86-2910-41d3-bea3-ed57e1a1bcda,2.05,2.05,False,3.5,75.79,
MATCH,94,D,D3,e95e16e6-808f-49ea-86da-26954722880f,2.01,2.01,False,3.5,75.15,
MATCH,95,D,D4,603e8180-98af-4ba6-824b-1fe0559e5386,1.78,1.78,False,1.86,36.07,
MATCH,96,D,D5,ebcacd76-ad0f-44cf-8ddb-484eaa1eac96,1.45,1.45,False,1.86,61.56,
MATCH,97,D,D6,bc10b2a2-cc40-4119-89d4-c7e284e3e3c9,1.58,1.6272,True,3.5,58.64,
MATCH,98,D,D7,3997f8f0-c376-4b31-855c-35504156112e,1.59,1.6272,True,3.5,58.92,
MATCH,99,E,E1,714b0c0a-16ab-4088-bd30-41e6d45f400a,3.06,1.67,True,1.82,58.69,
MATCH,100,E,E2,1c27b6e7-0433-415a-98a5-80376cf39f4b,1.01,0.51,True,1.82,18.44,
MATCH,101,E,E3,14d238e7-54a4-4eeb-8da4-a68bc017a724,3.44,0.99,True,3.5,67.98,
MATCH,102,E,E4,24dc025a-0fe3-4cd2-81fb-baa9b6a983d8,2.09,1.12,True,3.5,70.63,
MATCH,103,E,E5,e91c9182-9cb7-49b3-b600-e32b07a663b6,1.79,1.84,True,1.82,66.37,
MATCH,104,E,E6,d7d4e0b1-8d56-4e6e-b33f-5e7aa4d0616c,1.4,1,True,3.5,28.09,
MATCH,105,E,E7,be54783f-e70e-4294-a42c-a000b3a98002,1.72,1.13,True,3.5,33.7,
MATCH,106,El parque 1,1,6b7a5bc8-2caa-4acc-b892-73dbfb61e850,1.32,1.32,False,2.29,52.15501500908732,
MATCH,107,El parque 1,2,6706c3bc-9b3b-4147-978b-658d338a9407,1.8,1.8,False,2.29,44.500235473074476,
MATCH,108,El parque 1,3,2e9b6a59-9e2c-41a9-856d-576b588b990f,1.84,1.84,False,2.29,46.63081695756613,
MATCH,109,El parque 1,4,1167c65d-6833-489b-8f25-79e3464306cc,1.76,1.76,False,2.29,42.00830636675461,
MATCH,110,El parque 2,1,098d5fd2-f589-4056-a33f-9341e1c70004,2.02,2.02,False,1.11,30.28705884629774,
MATCH,111,El parque 2,2,9fb1b618-55c7-44e3-b158-c72557d85628,1.47,1.47,False,1.11,22.454504433705278,
MATCH,112,El parque 2,3,f303c145-8eea-483c-99f7-641c23511375,1.47,1.47,False,1.11,20.65183504069749,
MATCH,113,El parque 2,4,e999aa94-5b6c-4ad5-b61b-da09ba0ed18a,1.93,1.93,False,1.11,27.62008307832342,
MATCH,114,El parque 2,5,3d46e089-9a0e-4ad3-b7df-530bedaf40d1,1.64,1.64,False,1.11,24.398442113177826,
MATCH,115,El parque 3,1,2cff4f93-35f3-401d-a27b-afbf9f90d67f,0.95,0.95,False,1.11,13.756601005401913,
MATCH,116,El parque 3,2,cc932ad1-6d34-4a4d-a3e0-ddfa8bb1aca4,1.15,1.15,False,1.11,15.811848484836842,
MATCH,117,El parque 3,3,e0e136c2-89c8-44e4-9bbc-d34602f0441c,0.95,0.95,False,1.11,13.694291110731141,
MATCH,118,El parque 3,4,2ea930ac-3e7a-4c52-b3d7-35e0f6b485a8,0.54,0.54,False,1.11,7.604327798469711,
MATCH,119,El parque 3,5,d24bf133-5739-4432-a7c8-54e3e6d9f3c7,0.44,0.44,False,3.1,20.41767503863811,
MATCH,120,El parque 4,1,6bdc8c32-c918-4686-94ec-3514385d8822,0.47,0.47,False,3.11,15.7,
MATCH,121,El parque 4,2,5151e69d-8d6a-485e-a018-f838c1cad8ad,0.46,0.46,False,3.11,16.3,
MATCH,122,El parque 4,3,35d51932-c0ff-4b43-85e8-ee93c04c1571,0.35,0.35,False,3.11,11.9,
MATCH,123,El parque 4,4,42497460-1bd2-423a-8e41-e384b45c967b,0.36,0.36,False,3.11,12.8,
MATCH,124,El parque 4,5,7c51df7a-6b8c-409a-b12f-e39f0f6e2acb,0.36,0.36,False,3.11,13.6,
MATCH,125,El parque 4,6,a352a06a-a4a4-49e4-85ba-b839f8d67639,0.35,0.35,False,3.11,11.9,
MATCH,126,El parque 4,7,9e476349-99f6-4932-a925-564621a67eb2,0.45,0.45,False,3.11,15.2,
MATCH,127,El parque 4,8,2b9a82a0-2e92-4d81-821e-b610dc25d30c,0.43,0.43,False,3.11,15.8,
MATCH,128,El parque 4,9,265ef868-dbba-41e2-a0a6-217f7ad5a183,0.47,0.47,False,3.11,16.7,
MATCH,129,F,F1,b37cc284-7a0f-489f-baef-d326f8229fd0,1.49,1.49,False,1.82,33.7,
MATCH,130,F,F2,7a3ec952-7b10-4cf2-88cf-659cb4c4afdc,1.84,1.84,False,1.82,41.7,
MATCH,131,F,F3,cbc93a8a-663a-47e7-a7af-c6bf25edb65f,1.7,1.7,False,1.82,38.7,
MATCH,132,F,F4,a73990bc-a9ec-42c1-9d5a-c87807f536b3,1.6,1.6,False,1.82,33.8,
MATCH,133,G,G1,39127e48-8426-4e84-8f61-05c44382a743,0.55,0.55,False,1.8,11.7,
MATCH,134,G,G2,4222b355-8183-4bb4-9ddc-6a8e99dbd4d9,0.53,0.53,False,1.8,11.3,
MATCH,135,G,G3,f1ee1ef2-07b0-4d6c-adbf-63ad8fb511e4,0.59,0.59,False,1.8,13.5,
MATCH,136,G,G4,e275ffa3-f4f4-4a66-bb32-a4c2b03f48f1,0.56,0.56,False,1.8,10.8,
MATCH,137,H,H1,55d72908-cbe5-4d35-8753-e186ea286c3c,3.06,3.06,False,1.9,58.69,
MATCH,138,H,H2,354e32bf-8d97-4fb6-9172-43a70b702e31,1.01,1.01,False,1.8,18.44,
MATCH,139,H,H3,72dadbbe-104f-4dc7-bc93-29e31ee72505,3.44,3.44,False,1.9,67.98,
MATCH,140,H,H4,1c04db25-8159-43fc-bca0-af0385a0da5b,2.09,2.052,True,1.8,70.63,
MATCH,141,H,H5,8deea12c-082f-4c36-89c4-dc01d15a0926,1.79,1.932,True,3.5,66.37,
MATCH,142,H,H6,e958402a-9ca5-42b3-b977-6846deebb4b2,1.4,1.4,False,1.8,28.09,
MATCH,143,H,H7,45960df9-7911-4465-8d7f-63c7d8a35306,1.72,1.72,False,1.8,33.7,
MATCH,144,I,I1,89ad6cb6-c379-488c-b998-77096b5bdb0a,1.425,1.425,False,1.82,27.705,
MATCH,145,I,I2,ca48b47d-7ce6-4622-86d3-3111e5f43bb5,1.425,1.425,False,1.82,27.705,
MATCH,146,I,I3,ff909f73-8fee-4b9a-82fa-a58d9b9c31f8,4.88,4.88,False,1.82,91.84,
MATCH,147,I,I4,110eaa94-15d3-4d7a-89aa-71caa6cf01c2,1.34,1.34,False,1.82,26.28,
MATCH,148,I,I5,172e172a-8295-4bf6-b4e7-02837a8efa61,2.18,2.18,False,1.82,45.66,
MATCH,149,I,I6,75355736-e09b-43a2-85ca-f68f3647eadd,1.31,1.31,False,1.82,25.79,
MATCH,150,I,I7,6ab24d84-8c25-4239-a078-2c40626fb80a,2.06,2.06,False,1.82,41.48,
MATCH,151,J,J1,98354a71-ea09-4a31-bea0-3cc918be4316,2.75,2.75,False,1.82,34.2,
MATCH,152,J,J2,8bbfbaf9-0352-4fbe-bb7d-4aa32c5a8492,2.61,2.61,False,1.82,25.8,
MATCH,153,J,J3,b095863c-8078-4384-b64c-48ab0493a0a5,1.2,1.2,False,1.82,52.8,
MATCH,154,J,J4,f8499866-81c7-48a2-9c33-2bf5666fdddf,1.29,1.29,False,1.82,22.7,
MATCH,155,J,J5,bed2078c-3738-4920-9eea-2f58a70b24cb,1.58,1.58,False,1.82,25.1,
MATCH,156,J,J6,efb0bf75-51b0-46f9-b12a-6f5727b9144f,0.87,0.87,False,1.82,31.9,
MATCH,157,Los pinos Paltos,1,4aca53c3-5c3e-4a7e-be81-4265e5f33f87,2.56,2.56,False,1.89,13.43,
MATCH,158,Los pinos Paltos,2,54fb48d3-1e01-4f95-a9f0-b43e7f0cd48c,2.4,2.4,False,1.89,12.6,
MATCH,159,Los pinos Paltos,3,0dec7841-2553-428e-b79d-d707ddacb725,2.81,2.81,False,1.89,14.76,
MATCH,160,Los pinos Paltos,4,3a5e8240-d697-4b8f-bb7e-06084a577b40,1.17,1.17,False,1.89,6.36,
MATCH,161,Los pinos Paltos,5,5556ad2f-1352-4bca-8c58-2b91e8850094,1.45,1.45,False,1.89,8.06,
MATCH,162,Los pinos Paltos,6,389a18ed-b495-4efa-848b-56f1c6d9589f,1.09,1.09,False,1.89,4.69,
MATCH,163,Mirador 1,1,8021cd92-6207-481f-ac9b-6d792deaf678,2.65,2.65,False,2.84,81.45009584510682,
MATCH,164,Mirador 1,2,e438f85e-3e18-4d02-a9f0-22ccb5d2705d,2.69,2.69,False,2.84,83.48519149419852,
MATCH,165,Mirador 1,3,2d741b2a-9313-43fd-a218-e3da1a67f6c1,2.64,2.64,False,2.84,79.13449999833713,
MATCH,166,Mirador 1,4,48c0511f-acc8-4e8c-9db9-d3b0e45ace6c,2.66,2.66,False,2.84,84.24192428303988,
MATCH,167,Mirador 1,5,8801b06a-73b5-4595-a778-bb6e83931520,2.7,2.7,False,2.84,79.21801943955286,
MATCH,168,Mirador 1,6,5e39872e-497f-40b9-bd1a-a0e9a05e56e6,2.6,2.6,False,2.84,72.97483509691644,
MATCH,169,Mirador 2,1,832f91cb-c27d-4b91-81af-3960d0e70695,4.49,4.49,False,2.84,65.29,
MATCH,170,Mirador 2,2,c41b664e-78cb-4c63-9213-725333548e42,4.47,4.47,False,2.84,65.525,
MATCH,171,Mirador 2,3,5a6e0300-4bc7-4327-8f2c-efeb7a915504,4.46,4.46,False,2.84,68.175,
MATCH,172,Mirador 2,4,696460ea-904a-4242-ba37-2617734cf44f,3.84,3.84,False,2.84,54.945,
MATCH,173,Mirador 2,5A,04145a14-a147-44e4-8963-caa810353811,2.465,2.465,False,2.84,72.215,
MATCH,174,Mirador 2,5B,c3a82281-5343-4235-9da9-9596223ea7c4,2.465,2.465,False,2.84,72.215,
MATCH,175,Mirador 2,6,84df33fb-0425-4ff7-b42b-d94f101ef3df,4.51,4.51,False,2.84,66.535,
FALTA_EN_EXCEL,,HASS 2004,4,73e41872-5691-48d1-8b13-4c9f64466557,1.17,,,,,Existe en Supabase pero no en Excel
FALTA_EN_EXCEL,,HASS 2004,5,ba8e1940-f754-4c75-b239-c4a4fa57afa6,1.45,,,,,Existe en Supabase pero no en Excel
FALTA_EN_EXCEL,,HASS 2004,6,90d40a23-455e-4e23-b41b-f925bea1868f,1.09,,,,,Existe en Supabase pero no en Excel
FALTA_EN_EXCEL,,HASS 80,1,1d5b89b4-3847-4b9e-83cf-edb85858f453,2.56,,,,,Existe en Supabase pero no en Excel
FALTA_EN_EXCEL,,HASS 80,2,fe06066a-787f-4769-9a06-9a60e0e78d29,2.4,,,,,Existe en Supabase pero no en Excel
FALTA_EN_EXCEL,,HASS 80,3,5722b80e-5d3f-403a-a301-e0a6efa2d47b,2.81,,,,,Existe en Supabase pero no en Excel
